Transaction ID,Customer ID,Transaction Date,Transaction Type,Amount (KES),Customer Age,Customer Segment,Account Balance (KES),Branch Location,Transaction Channel
TXN10000,CUST9239,2023-06-18,Withdrawal,43338.9,46,SME,351628.51,Eldoret,Mobile Banking
TXN10001,CUST4289,2023-07-30,Fund Transfer,75336.69,21,Corporate,320554.25,Eldoret,ATM
TXN10002,CUST7162,2023-10-30,Loan Payment,18354.97,64,Retail,318417.28,Nairobi,Online
TXN10003,CUST5041,2023-09-04,Deposit,91730.05,39,SME,188267.77,Eldoret,Online
TXN10004,CUST4878,2023-10-22,Fund Transfer,30669.17,70,Corporate,496011.84,Mombasa,Mobile Banking
TXN10005,CUST9840,2023-10-13,Loan Payment,12422.47,44,Corporate,162557.81,Eldoret,Online
TXN10006,CUST3997,2023-06-23,Fund Transfer,29521.0,22,Retail,230038.9,Mombasa,Online
TXN10007,CUST8587,2023-03-06,Bill Payment,49976.22,47,Retail,170837.89,Nairobi,Online
TXN10008,CUST7244,2023-01-17,Deposit,83720.05,35,Corporate,121435.2,Nakuru,ATM
TXN10009,CUST9371,2023-01-11,Deposit,54575.61,23,SME,287173.97,Eldoret,ATM
TXN10010,CUST6439,2023-11-28,Loan Payment,6190.75,64,Retail,49760.42,Eldoret,Bank Teller
TXN10011,CUST3933,2023-03-17,Fund Transfer,69937.95,65,Retail,407062.96,Mombasa,ATM
TXN10012,CUST1282,2023-03-16,Bill Payment,24327.47,18,Retail,331277.57,Mombasa,Online
TXN10013,CUST1755,2023-01-21,Withdrawal,19777.72,46,Retail,138992.32,Nairobi,Bank Teller
TXN10014,CUST4583,2023-01-08,Fund Transfer,17336.4,56,Retail,14896.63,Mombasa,Mobile Banking
TXN10015,CUST2405,2023-03-31,Bill Payment,29072.22,48,SME,196325.06,Nairobi,ATM
TXN10016,CUST9758,2023-07-24,Deposit,12090.66,35,SME,83446.57,Nairobi,Online
TXN10017,CUST3159,2023-12-19,Deposit,47497.36,26,Retail,449235.71,Nakuru,Bank Teller
TXN10018,CUST8171,2023-09-06,Deposit,93966.58,27,SME,29945.45,Nakuru,Online
TXN10019,CUST3522,2023-06-28,Bill Payment,35996.28,41,Retail,489677.39,Kisumu,ATM
TXN10020,CUST5398,2023-04-13,Fund Transfer,94942.75,47,SME,328982.78,Nairobi,Mobile Banking
TXN10021,CUST9560,2023-11-06,Fund Transfer,81757.42,46,Corporate,398537.67,Kisumu,Bank Teller
TXN10022,CUST6504,2023-02-28,Loan Payment,92876.04,45,SME,187279.89,Eldoret,ATM
TXN10023,CUST3210,2023-12-27,Fund Transfer,53495.19,23,SME,214390.93,Mombasa,ATM
TXN10024,CUST8637,2023-08-15,Fund Transfer,79836.46,60,SME,224420.59,Mombasa,Online
TXN10025,CUST6876,2023-12-28,Withdrawal,31513.54,40,Corporate,153026.81,Eldoret,Online
TXN10026,CUST9119,2023-01-31,Bill Payment,84098.23,31,SME,38520.06,Nakuru,Bank Teller
TXN10027,CUST5212,2023-07-31,Withdrawal,3242.47,33,Corporate,9759.14,Nakuru,Mobile Banking
TXN10028,CUST9609,2023-03-20,Deposit,63504.49,48,Retail,299335.27,Kisumu,Mobile Banking
TXN10029,CUST1864,2023-10-08,Loan Payment,66623.67,45,SME,235025.65,Mombasa,Mobile Banking
TXN10030,CUST5942,2023-02-16,Bill Payment,92556.88,36,SME,336850.57,Kisumu,Mobile Banking
TXN10031,CUST1164,2023-01-10,Deposit,29050.74,40,Corporate,330643.39,Nairobi,Online
TXN10032,CUST1397,2023-05-29,Bill Payment,87260.94,70,SME,134587.54,Eldoret,ATM
TXN10033,CUST2429,2023-01-28,Bill Payment,96812.63,26,Corporate,296654.47,Mombasa,Online
TXN10034,CUST7537,2023-05-06,Deposit,30781.65,18,Retail,461588.32,Eldoret,Mobile Banking
TXN10035,CUST4369,2023-09-04,Fund Transfer,82628.75,37,Retail,263089.82,Kisumu,Online
TXN10036,CUST9684,2023-11-20,Bill Payment,78336.8,23,Corporate,266526.49,Nairobi,Mobile Banking
TXN10037,CUST3063,2023-04-13,Loan Payment,53210.75,39,Retail,458918.75,Mombasa,ATM
TXN10038,CUST1761,2023-04-27,Withdrawal,24274.13,65,Corporate,51178.02,Mombasa,ATM
TXN10039,CUST4540,2023-04-23,Fund Transfer,25210.88,66,Retail,79671.0,Mombasa,Online
TXN10040,CUST2706,2023-01-21,Fund Transfer,26664.17,68,Retail,96586.2,Nairobi,ATM
TXN10041,CUST8807,2023-12-30,Bill Payment,10959.97,23,Corporate,236473.44,Nakuru,Online
TXN10042,CUST4085,2023-01-26,Deposit,87948.16,40,Retail,202519.6,Mombasa,ATM
TXN10043,CUST4317,2023-05-03,Bill Payment,38103.62,44,SME,89405.28,Mombasa,Bank Teller
TXN10044,CUST6785,2023-04-12,Deposit,56389.87,45,SME,179579.2,Eldoret,Mobile Banking
TXN10045,CUST9151,2023-08-03,Withdrawal,51110.66,21,Retail,310041.48,Eldoret,ATM
TXN10046,CUST3825,2023-03-14,Loan Payment,93642.94,69,SME,33410.36,Kisumu,Online
TXN10047,CUST5936,2023-01-25,Deposit,3698.48,46,SME,139024.91,Nakuru,Mobile Banking
TXN10048,CUST3146,2023-02-17,Fund Transfer,40751.91,40,Corporate,91983.71,Eldoret,Mobile Banking
TXN10049,CUST2529,2023-08-23,Deposit,42360.71,50,Corporate,337486.47,Nairobi,Mobile Banking
TXN10050,CUST2218,2023-09-27,Loan Payment,85950.31,29,Retail,259061.19,Nairobi,ATM
TXN10051,CUST2815,2023-11-11,Bill Payment,56632.25,32,Retail,174377.91,Nakuru,Bank Teller
TXN10052,CUST6511,2023-10-30,Fund Transfer,96907.5,59,Retail,79293.35,Eldoret,Bank Teller
TXN10053,CUST7355,2023-04-08,Deposit,84441.83,40,SME,199933.58,Nakuru,Mobile Banking
TXN10054,CUST2411,2023-07-27,Deposit,66602.18,21,Retail,424216.1,Kisumu,ATM
TXN10055,CUST9690,2023-09-06,Fund Transfer,12166.42,54,SME,430833.39,Mombasa,Bank Teller
TXN10056,CUST8690,2023-11-17,Fund Transfer,9688.44,23,Retail,339779.09,Eldoret,ATM
TXN10057,CUST5482,2023-11-11,Withdrawal,84837.94,42,Corporate,360431.67,Nairobi,Online
TXN10058,CUST1281,2023-09-14,Fund Transfer,5174.31,28,SME,194535.04,Mombasa,Online
TXN10059,CUST7048,2023-12-23,Bill Payment,65503.31,46,SME,415496.28,Nairobi,Bank Teller
TXN10060,CUST4388,2023-10-14,Fund Transfer,25327.91,51,Retail,220702.86,Nairobi,Online
TXN10061,CUST6878,2023-01-07,Bill Payment,11813.19,21,SME,384036.43,Mombasa,Mobile Banking
TXN10062,CUST7915,2023-11-25,Loan Payment,2300.62,61,Corporate,348308.3,Mombasa,Online
TXN10063,CUST6461,2023-06-29,Loan Payment,67341.5,43,SME,301991.89,Mombasa,Online
TXN10064,CUST8262,2023-07-29,Bill Payment,70961.87,41,SME,5140.8,Nairobi,ATM
TXN10065,CUST4367,2023-05-12,Withdrawal,91845.77,38,Corporate,283368.63,Kisumu,Mobile Banking
TXN10066,CUST1932,2023-10-08,Fund Transfer,65278.91,60,SME,376932.54,Nakuru,Bank Teller
TXN10067,CUST3675,2023-10-28,Bill Payment,23611.05,40,Retail,97139.3,Mombasa,Online
TXN10068,CUST6816,2023-12-25,Bill Payment,7450.7,34,Retail,434949.85,Eldoret,Online
TXN10069,CUST9199,2023-06-13,Withdrawal,37724.42,53,Retail,244711.46,Nakuru,Online
TXN10070,CUST1958,2023-04-19,Fund Transfer,26264.0,25,SME,128736.62,Eldoret,Mobile Banking
TXN10071,CUST8525,2023-04-21,Loan Payment,61475.44,62,SME,487370.51,Mombasa,ATM
TXN10072,CUST8862,2023-05-26,Bill Payment,31451.75,18,Retail,33516.26,Eldoret,Online
TXN10073,CUST4805,2023-10-07,Bill Payment,39877.05,22,SME,253453.91,Kisumu,Mobile Banking
TXN10074,CUST3676,2023-03-02,Loan Payment,27653.05,68,SME,21749.82,Mombasa,ATM
TXN10075,CUST3346,2023-02-26,Bill Payment,62530.29,42,Corporate,316835.38,Nakuru,Online
TXN10076,CUST9033,2023-07-10,Withdrawal,91847.16,18,SME,160784.38,Kisumu,Online
TXN10077,CUST8689,2023-06-25,Fund Transfer,33796.29,68,SME,172814.67,Nakuru,Mobile Banking
TXN10078,CUST4667,2023-10-14,Bill Payment,28948.78,63,Retail,137241.34,Kisumu,Bank Teller
TXN10079,CUST7606,2023-05-17,Deposit,31649.79,20,SME,346567.09,Eldoret,Bank Teller
TXN10080,CUST1787,2023-03-08,Loan Payment,75245.29,41,Corporate,21400.24,Kisumu,Online
TXN10081,CUST4892,2023-11-28,Loan Payment,42157.78,41,Corporate,166514.39,Nairobi,Bank Teller
TXN10082,CUST6559,2023-08-14,Fund Transfer,87202.85,35,SME,274923.73,Eldoret,Online
TXN10083,CUST1187,2023-05-11,Fund Transfer,97640.74,62,SME,172390.39,Nairobi,ATM
TXN10084,CUST3365,2023-10-23,Fund Transfer,32418.21,58,Retail,218154.76,Eldoret,Mobile Banking
TXN10085,CUST5678,2023-02-18,Bill Payment,97601.84,52,Corporate,112216.08,Nairobi,ATM
TXN10086,CUST3303,2023-03-17,Loan Payment,79816.06,32,Retail,436293.36,Kisumu,Online
TXN10087,CUST6300,2023-10-25,Loan Payment,2489.88,47,Retail,176675.92,Mombasa,Bank Teller
TXN10088,CUST2069,2023-07-15,Fund Transfer,8987.11,31,Retail,454225.06,Mombasa,Bank Teller
TXN10089,CUST6714,2023-08-09,Withdrawal,83472.9,43,Retail,273652.7,Eldoret,ATM
TXN10090,CUST4280,2023-10-04,Withdrawal,16200.03,45,Retail,416173.18,Mombasa,Mobile Banking
TXN10091,CUST9365,2023-03-03,Withdrawal,89972.93,69,Corporate,498560.08,Mombasa,Mobile Banking
TXN10092,CUST3345,2023-09-28,Bill Payment,36346.29,40,Corporate,265639.49,Eldoret,Mobile Banking
TXN10093,CUST6902,2023-12-04,Bill Payment,65444.87,21,Corporate,328461.44,Eldoret,Mobile Banking
TXN10094,CUST4568,2023-06-13,Withdrawal,87737.56,57,Corporate,271192.22,Mombasa,Online
TXN10095,CUST3736,2023-11-10,Bill Payment,94411.65,41,Retail,490551.71,Mombasa,Mobile Banking
TXN10096,CUST9351,2023-05-26,Loan Payment,57081.34,61,Corporate,159636.93,Nakuru,Bank Teller
TXN10097,CUST9044,2023-01-17,Fund Transfer,29551.81,39,SME,143511.23,Nairobi,Bank Teller
TXN10098,CUST4445,2023-09-05,Deposit,26852.9,49,Corporate,240152.33,Mombasa,Bank Teller
TXN10099,CUST8983,2023-05-22,Fund Transfer,74035.23,31,SME,418547.86,Mombasa,Bank Teller
TXN10100,CUST5074,2023-06-13,Loan Payment,6403.52,56,Retail,134862.41,Nakuru,ATM
TXN10101,CUST6674,2023-02-24,Bill Payment,95262.55,67,Corporate,236637.81,Kisumu,Online
TXN10102,CUST8832,2023-07-21,Fund Transfer,71438.86,27,SME,477254.58,Kisumu,Mobile Banking
TXN10103,CUST9440,2023-11-15,Bill Payment,56399.53,41,SME,496552.71,Nairobi,Bank Teller
TXN10104,CUST3184,2023-02-07,Bill Payment,55580.62,66,SME,416444.12,Nakuru,Bank Teller
TXN10105,CUST8727,2023-12-12,Deposit,52330.26,51,SME,257596.99,Nairobi,ATM
TXN10106,CUST2424,2023-11-05,Deposit,59266.05,36,SME,250338.95,Kisumu,ATM
TXN10107,CUST4575,2024-01-01,Bill Payment,84394.57,24,SME,279792.26,Mombasa,ATM
TXN10108,CUST5815,2023-07-19,Bill Payment,7413.26,22,Corporate,307649.89,Nakuru,ATM
TXN10109,CUST1499,2023-05-29,Withdrawal,98026.06,30,SME,426523.22,Nairobi,ATM
TXN10110,CUST4901,2023-10-07,Withdrawal,64168.82,37,Corporate,419601.55,Kisumu,Online
TXN10111,CUST2298,2023-11-18,Deposit,27547.89,19,SME,86493.55,Nakuru,Online
TXN10112,CUST2175,2023-08-27,Withdrawal,59576.47,30,Retail,478012.79,Kisumu,Bank Teller
TXN10113,CUST3280,2023-04-17,Bill Payment,86722.25,51,Retail,485946.7,Eldoret,ATM
TXN10114,CUST8666,2023-10-15,Bill Payment,25062.54,67,Corporate,235642.54,Eldoret,Bank Teller
TXN10115,CUST1276,2023-07-06,Fund Transfer,14774.5,52,Corporate,255875.16,Nakuru,Bank Teller
TXN10116,CUST5659,2023-12-23,Loan Payment,66381.04,27,Corporate,438787.41,Kisumu,ATM
TXN10117,CUST5295,2023-04-23,Loan Payment,8569.07,37,SME,248193.02,Nakuru,Mobile Banking
TXN10118,CUST3054,2023-11-25,Loan Payment,35829.19,25,SME,249406.76,Nakuru,Mobile Banking
TXN10119,CUST5596,2023-03-03,Withdrawal,94085.63,44,SME,277912.55,Eldoret,Mobile Banking
TXN10120,CUST4144,2023-06-30,Withdrawal,1497.67,18,Corporate,257916.16,Mombasa,Online
TXN10121,CUST6956,2023-05-01,Withdrawal,33830.02,38,SME,162358.6,Nakuru,Mobile Banking
TXN10122,CUST5590,2023-05-23,Withdrawal,66837.13,33,Retail,477237.94,Nairobi,ATM
TXN10123,CUST1831,2023-05-04,Deposit,77640.93,64,Corporate,481184.56,Mombasa,Online
TXN10124,CUST6654,2023-04-23,Fund Transfer,38902.98,36,Corporate,51919.41,Nakuru,ATM
TXN10125,CUST4549,2023-09-09,Bill Payment,56737.61,47,Retail,11788.15,Nakuru,ATM
TXN10126,CUST5157,2023-11-05,Bill Payment,93253.34,67,Corporate,364136.86,Eldoret,Mobile Banking
TXN10127,CUST8353,2023-10-18,Fund Transfer,55409.54,69,Retail,432297.05,Eldoret,Bank Teller
TXN10128,CUST6497,2023-09-26,Deposit,53009.84,55,SME,488868.46,Nakuru,ATM
TXN10129,CUST6239,2023-09-19,Loan Payment,72127.6,31,Corporate,248246.15,Kisumu,Mobile Banking
TXN10130,CUST6868,2023-05-26,Deposit,42749.84,22,Retail,461582.28,Eldoret,Online
TXN10131,CUST9547,2023-12-02,Fund Transfer,48655.82,40,Retail,424411.63,Eldoret,ATM
TXN10132,CUST8835,2023-09-30,Deposit,72324.07,42,Retail,302666.57,Mombasa,Online
TXN10133,CUST1242,2023-09-27,Fund Transfer,94340.25,33,SME,406400.41,Nakuru,ATM
TXN10134,CUST7854,2023-11-24,Withdrawal,47797.4,19,Retail,325056.42,Eldoret,Bank Teller
TXN10135,CUST8800,2023-07-30,Fund Transfer,43638.19,52,Retail,270294.22,Mombasa,Online
TXN10136,CUST5582,2023-12-01,Deposit,88634.16,28,Retail,62912.33,Mombasa,Bank Teller
TXN10137,CUST8883,2023-09-06,Deposit,45707.73,40,SME,141271.14,Kisumu,ATM
TXN10138,CUST3068,2023-02-06,Withdrawal,60870.11,53,Corporate,133773.04,Kisumu,Mobile Banking
TXN10139,CUST7662,2023-10-07,Loan Payment,92417.09,51,Retail,408899.42,Kisumu,Bank Teller
TXN10140,CUST3116,2023-12-21,Bill Payment,72720.53,26,SME,463756.18,Mombasa,Bank Teller
TXN10141,CUST3388,2023-02-02,Deposit,5702.48,26,SME,309155.81,Eldoret,Mobile Banking
TXN10142,CUST4558,2023-04-29,Deposit,20894.97,19,SME,245053.38,Nakuru,Mobile Banking
TXN10143,CUST1604,2023-01-15,Fund Transfer,74466.98,61,Corporate,463331.28,Eldoret,Bank Teller
TXN10144,CUST1802,2023-05-11,Deposit,32038.92,25,Retail,488623.13,Nairobi,Online
TXN10145,CUST4658,2023-02-13,Fund Transfer,35638.71,45,Corporate,458014.12,Kisumu,ATM
TXN10146,CUST5945,2023-11-25,Loan Payment,61034.34,48,Corporate,413413.92,Kisumu,Mobile Banking
TXN10147,CUST7513,2023-11-09,Fund Transfer,97237.09,29,Corporate,11370.97,Nakuru,Online
TXN10148,CUST2882,2023-10-07,Bill Payment,56360.22,20,Retail,207038.57,Nairobi,Mobile Banking
TXN10149,CUST5299,2023-03-21,Withdrawal,47556.4,20,Corporate,375758.37,Eldoret,Bank Teller
TXN10150,CUST2901,2023-02-14,Deposit,25831.58,33,Retail,63852.15,Mombasa,Bank Teller
TXN10151,CUST3958,2023-12-09,Fund Transfer,69900.49,34,Corporate,87180.64,Nakuru,Online
TXN10152,CUST9525,2023-03-23,Withdrawal,90050.14,48,Corporate,114513.5,Eldoret,Mobile Banking
TXN10153,CUST4476,2023-01-04,Withdrawal,41689.74,62,SME,157820.23,Nairobi,ATM
TXN10154,CUST1222,2023-05-15,Withdrawal,6221.56,70,SME,42654.81,Nakuru,Mobile Banking
TXN10155,CUST3096,2023-10-06,Fund Transfer,48586.19,41,Retail,188426.47,Nakuru,Mobile Banking
TXN10156,CUST4701,2023-09-28,Fund Transfer,62749.92,66,SME,159426.31,Kisumu,ATM
TXN10157,CUST7016,2023-07-18,Loan Payment,66341.61,68,Retail,274535.62,Nairobi,ATM
TXN10158,CUST6005,2023-08-19,Bill Payment,4979.36,23,Retail,117193.67,Nairobi,Online
TXN10159,CUST8117,2023-11-21,Fund Transfer,46215.06,46,Corporate,1788.02,Kisumu,Online
TXN10160,CUST2109,2023-11-06,Deposit,67344.91,55,Retail,409680.64,Nairobi,Online
TXN10161,CUST4191,2023-07-25,Withdrawal,94633.32,67,SME,409333.0,Nairobi,ATM
TXN10162,CUST7022,2023-02-15,Deposit,53540.83,27,Retail,41777.21,Nairobi,ATM
TXN10163,CUST9658,2023-07-23,Fund Transfer,59762.82,18,SME,120093.2,Kisumu,Bank Teller
TXN10164,CUST8206,2023-01-21,Withdrawal,48797.73,38,SME,377906.66,Nairobi,Online
TXN10165,CUST6616,2023-01-16,Deposit,59018.0,64,Corporate,496580.27,Nairobi,Online
TXN10166,CUST7606,2023-05-23,Fund Transfer,39086.91,60,Retail,179186.99,Kisumu,Bank Teller
TXN10167,CUST6592,2023-03-21,Deposit,16485.81,45,Corporate,16321.36,Mombasa,Online
TXN10168,CUST3596,2023-10-12,Withdrawal,65476.85,62,SME,360837.62,Mombasa,ATM
TXN10169,CUST6256,2023-11-20,Fund Transfer,4511.0,33,Corporate,260539.92,Eldoret,ATM
TXN10170,CUST8140,2023-09-21,Bill Payment,7799.69,18,Retail,290627.67,Kisumu,Online
TXN10171,CUST3862,2023-05-05,Fund Transfer,89741.57,33,Retail,190824.34,Nakuru,ATM
TXN10172,CUST4706,2023-02-19,Withdrawal,16864.44,63,Corporate,82259.29,Eldoret,Online
TXN10173,CUST7329,2023-10-09,Deposit,64417.57,35,SME,306059.38,Nairobi,ATM
TXN10174,CUST5272,2023-06-29,Withdrawal,64664.24,70,Corporate,307742.36,Kisumu,Bank Teller
TXN10175,CUST4307,2023-04-06,Bill Payment,61736.08,20,Retail,306495.66,Nakuru,ATM
TXN10176,CUST4049,2023-04-20,Deposit,25023.59,52,Corporate,494556.77,Eldoret,ATM
TXN10177,CUST3119,2023-10-27,Fund Transfer,48867.32,28,Retail,208076.84,Nakuru,Online
TXN10178,CUST5884,2023-08-27,Fund Transfer,34550.52,23,Retail,354371.32,Eldoret,Mobile Banking
TXN10179,CUST3416,2023-02-03,Fund Transfer,35568.15,22,SME,364809.73,Kisumu,Bank Teller
TXN10180,CUST3227,2023-01-28,Loan Payment,79532.92,64,Corporate,110279.42,Kisumu,Bank Teller
TXN10181,CUST4799,2023-01-23,Deposit,16866.0,32,Retail,262933.71,Mombasa,Bank Teller
TXN10182,CUST9199,2023-09-10,Withdrawal,95141.27,40,Corporate,396458.87,Mombasa,Mobile Banking
TXN10183,CUST1308,2023-03-13,Withdrawal,70218.52,53,Corporate,295883.4,Eldoret,Bank Teller
TXN10184,CUST3667,2023-01-02,Loan Payment,43406.64,27,SME,298717.17,Nairobi,ATM
TXN10185,CUST2153,2023-03-02,Deposit,11439.13,34,Retail,230459.56,Kisumu,ATM
TXN10186,CUST8812,2023-11-04,Bill Payment,30060.77,38,SME,324023.42,Nairobi,ATM
TXN10187,CUST3791,2023-12-21,Fund Transfer,14986.21,38,SME,54532.91,Nakuru,Online
TXN10188,CUST3063,2023-05-13,Loan Payment,13320.84,36,Corporate,65421.64,Kisumu,Bank Teller
TXN10189,CUST6415,2023-01-25,Bill Payment,2986.95,22,Retail,346481.45,Nairobi,ATM
TXN10190,CUST5094,2023-02-16,Loan Payment,31398.13,30,Corporate,323943.15,Eldoret,Bank Teller
TXN10191,CUST2529,2023-05-16,Bill Payment,9585.18,64,Retail,109028.23,Mombasa,ATM
TXN10192,CUST7497,2023-10-20,Deposit,62694.98,20,SME,60491.32,Nairobi,Mobile Banking
TXN10193,CUST8447,2023-06-28,Loan Payment,91811.89,56,Corporate,355703.97,Nairobi,Bank Teller
TXN10194,CUST5831,2023-09-02,Fund Transfer,8220.51,33,Corporate,276949.62,Kisumu,Online
TXN10195,CUST9790,2023-03-31,Bill Payment,78510.07,51,Retail,321516.76,Mombasa,Mobile Banking
TXN10196,CUST2238,2023-09-17,Loan Payment,58166.95,36,SME,219069.44,Nakuru,Mobile Banking
TXN10197,CUST7981,2023-08-16,Bill Payment,19369.62,69,SME,314111.63,Mombasa,ATM
TXN10198,CUST1796,2023-07-20,Bill Payment,54662.34,40,Retail,444164.39,Kisumu,ATM
TXN10199,CUST1780,2023-07-20,Withdrawal,665.31,41,Corporate,22192.76,Nairobi,Online
TXN10200,CUST6599,2023-08-13,Withdrawal,95806.09,62,SME,39848.44,Kisumu,ATM
TXN10201,CUST8416,2023-07-01,Bill Payment,38227.61,68,Corporate,453002.68,Eldoret,Mobile Banking
TXN10202,CUST6457,2023-10-21,Fund Transfer,48474.77,57,Corporate,255570.55,Mombasa,Online
TXN10203,CUST5247,2023-11-05,Withdrawal,70404.26,55,SME,350929.6,Nairobi,ATM
TXN10204,CUST8837,2023-11-24,Loan Payment,64252.42,68,Retail,97744.78,Mombasa,Bank Teller
TXN10205,CUST6936,2023-02-09,Withdrawal,78383.14,44,SME,335910.84,Eldoret,ATM
TXN10206,CUST8880,2023-11-09,Fund Transfer,95406.27,61,Corporate,244125.91,Nairobi,Online
TXN10207,CUST6675,2023-06-16,Fund Transfer,11598.65,62,SME,262107.78,Eldoret,Bank Teller
TXN10208,CUST9617,2023-11-04,Fund Transfer,69235.37,61,SME,261503.52,Eldoret,Mobile Banking
TXN10209,CUST2308,2023-03-29,Bill Payment,25690.0,21,SME,266802.84,Mombasa,ATM
TXN10210,CUST1373,2023-01-17,Withdrawal,41548.67,22,Retail,13413.11,Eldoret,Online
TXN10211,CUST2667,2023-02-13,Loan Payment,32731.71,24,Retail,399240.95,Nakuru,Online
TXN10212,CUST9366,2024-01-01,Loan Payment,11900.68,23,Corporate,403958.42,Eldoret,Mobile Banking
TXN10213,CUST3976,2023-05-18,Fund Transfer,65853.69,55,Retail,487781.71,Nairobi,Mobile Banking
TXN10214,CUST2768,2023-10-18,Bill Payment,99187.23,54,SME,124852.62,Eldoret,Online
TXN10215,CUST7552,2023-08-15,Deposit,83882.99,68,Corporate,439276.47,Nairobi,Mobile Banking
TXN10216,CUST9059,2023-05-15,Deposit,74472.01,51,SME,381023.51,Mombasa,ATM
TXN10217,CUST6056,2023-12-02,Bill Payment,76408.69,44,Corporate,370378.11,Nakuru,Bank Teller
TXN10218,CUST2564,2023-01-10,Loan Payment,4122.24,45,Retail,35173.45,Eldoret,Online
TXN10219,CUST4721,2023-03-12,Withdrawal,81846.54,69,Retail,178722.16,Nakuru,ATM
TXN10220,CUST4795,2023-10-23,Withdrawal,51352.12,45,Corporate,456494.42,Nakuru,ATM
TXN10221,CUST3553,2023-05-15,Deposit,27639.21,25,SME,290690.36,Eldoret,Mobile Banking
TXN10222,CUST4198,2023-04-30,Withdrawal,64183.49,56,Retail,495062.06,Eldoret,Bank Teller
TXN10223,CUST5899,2023-12-10,Bill Payment,31789.39,18,SME,365652.51,Eldoret,Bank Teller
TXN10224,CUST8634,2023-07-20,Deposit,19452.35,36,SME,201303.92,Eldoret,ATM
TXN10225,CUST7560,2023-08-22,Withdrawal,69278.23,67,SME,429902.94,Nakuru,Online
TXN10226,CUST9502,2023-12-24,Loan Payment,88139.17,41,SME,266858.64,Nairobi,Mobile Banking
TXN10227,CUST9842,2023-10-09,Fund Transfer,45339.11,50,Corporate,182984.65,Nairobi,ATM
TXN10228,CUST9295,2023-07-03,Withdrawal,20636.9,22,SME,173925.38,Nakuru,Bank Teller
TXN10229,CUST7344,2023-08-05,Withdrawal,49136.56,43,Corporate,223573.7,Nakuru,Online
TXN10230,CUST5615,2023-05-29,Loan Payment,12807.62,35,Corporate,77713.44,Nairobi,Online
TXN10231,CUST1727,2023-12-06,Fund Transfer,56912.02,21,SME,18421.09,Mombasa,ATM
TXN10232,CUST2887,2023-01-22,Withdrawal,66693.69,31,Corporate,122921.85,Nairobi,Mobile Banking
TXN10233,CUST4184,2023-03-13,Fund Transfer,49067.92,52,Retail,244456.77,Mombasa,Bank Teller
TXN10234,CUST5456,2023-11-21,Withdrawal,54818.03,30,SME,5678.72,Mombasa,Mobile Banking
TXN10235,CUST7977,2023-03-11,Withdrawal,9473.18,65,SME,184783.61,Nairobi,Mobile Banking
TXN10236,CUST8466,2023-12-19,Loan Payment,60376.68,58,Corporate,168653.45,Nairobi,Online
TXN10237,CUST9963,2023-10-13,Loan Payment,85957.42,22,Retail,252842.36,Nairobi,ATM
TXN10238,CUST6905,2023-09-08,Loan Payment,31212.06,67,SME,255866.14,Mombasa,Online
TXN10239,CUST8635,2023-02-25,Fund Transfer,49831.27,43,Corporate,396858.13,Kisumu,ATM
TXN10240,CUST7063,2023-06-03,Bill Payment,77782.67,34,SME,438580.06,Eldoret,Mobile Banking
TXN10241,CUST7768,2023-05-31,Deposit,67273.33,52,Retail,341392.84,Nairobi,Mobile Banking
TXN10242,CUST1159,2023-02-10,Bill Payment,38895.26,19,Corporate,25441.84,Kisumu,ATM
TXN10243,CUST2810,2023-03-20,Deposit,8931.44,41,Corporate,231644.59,Eldoret,Bank Teller
TXN10244,CUST9908,2023-01-30,Loan Payment,61750.77,48,SME,479548.24,Kisumu,Mobile Banking
TXN10245,CUST7676,2023-04-29,Deposit,39791.95,50,SME,277771.12,Nairobi,ATM
TXN10246,CUST3608,2023-02-10,Withdrawal,52287.62,48,Retail,58583.59,Kisumu,Mobile Banking
TXN10247,CUST6257,2023-02-10,Loan Payment,23612.82,53,Corporate,255788.34,Kisumu,Bank Teller
TXN10248,CUST3607,2023-03-30,Fund Transfer,81045.07,29,Retail,135036.39,Eldoret,Bank Teller
TXN10249,CUST2890,2023-03-14,Fund Transfer,85409.58,46,Retail,124109.04,Mombasa,Bank Teller
TXN10250,CUST6117,2023-07-24,Withdrawal,23974.06,51,Retail,144830.35,Nairobi,Bank Teller
TXN10251,CUST2827,2023-07-25,Withdrawal,57649.53,57,Retail,344678.13,Kisumu,ATM
TXN10252,CUST3756,2023-08-10,Fund Transfer,35442.85,36,Retail,297435.16,Kisumu,Mobile Banking
TXN10253,CUST7819,2023-08-16,Deposit,88440.73,26,SME,300527.93,Kisumu,Bank Teller
TXN10254,CUST2702,2023-12-18,Withdrawal,53649.65,45,Corporate,3485.58,Eldoret,Bank Teller
TXN10255,CUST8348,2023-10-13,Bill Payment,88888.4,61,SME,395520.84,Nakuru,ATM
TXN10256,CUST3240,2023-07-19,Loan Payment,82074.96,38,Retail,178367.7,Mombasa,ATM
TXN10257,CUST3383,2023-12-29,Bill Payment,27287.02,57,Retail,41356.31,Eldoret,Mobile Banking
TXN10258,CUST3017,2023-07-04,Bill Payment,94575.66,51,Corporate,27257.9,Mombasa,ATM
TXN10259,CUST6395,2023-10-10,Bill Payment,69408.01,30,SME,358325.89,Mombasa,Bank Teller
TXN10260,CUST5568,2023-01-21,Bill Payment,80212.25,62,Corporate,405626.07,Kisumu,Bank Teller
TXN10261,CUST5975,2023-01-25,Loan Payment,62639.39,31,SME,289988.07,Kisumu,Mobile Banking
TXN10262,CUST1427,2023-09-20,Loan Payment,5987.26,19,SME,302236.32,Mombasa,Mobile Banking
TXN10263,CUST9153,2023-02-23,Withdrawal,5991.68,47,SME,490470.93,Kisumu,Online
TXN10264,CUST6230,2023-04-22,Loan Payment,8860.18,43,Retail,98258.6,Nakuru,ATM
TXN10265,CUST4224,2023-01-14,Loan Payment,46997.74,25,Corporate,415937.16,Mombasa,Online
TXN10266,CUST1875,2023-09-26,Bill Payment,60332.44,48,SME,318884.46,Kisumu,Online
TXN10267,CUST5576,2023-07-12,Withdrawal,54628.87,70,Corporate,212815.31,Nakuru,Mobile Banking
TXN10268,CUST1036,2023-03-21,Deposit,11646.93,34,SME,422036.48,Nakuru,ATM
TXN10269,CUST1888,2023-12-23,Loan Payment,86177.31,62,Retail,456604.02,Nairobi,Mobile Banking
TXN10270,CUST4938,2023-03-06,Withdrawal,81221.99,30,Corporate,61136.81,Eldoret,Mobile Banking
TXN10271,CUST4687,2023-11-13,Fund Transfer,13038.9,19,Corporate,85566.62,Mombasa,ATM
TXN10272,CUST4472,2023-05-30,Loan Payment,29716.38,39,Retail,25672.11,Eldoret,Bank Teller
TXN10273,CUST5200,2023-01-12,Bill Payment,22889.41,20,SME,63404.7,Nakuru,Online
TXN10274,CUST6612,2023-02-25,Loan Payment,42958.76,45,Corporate,253867.1,Nairobi,Online
TXN10275,CUST8511,2023-10-30,Fund Transfer,97125.17,37,Corporate,394038.88,Kisumu,ATM
TXN10276,CUST5329,2023-09-12,Bill Payment,8025.36,45,Retail,44657.28,Eldoret,Bank Teller
TXN10277,CUST5633,2023-07-13,Loan Payment,21388.4,25,Retail,99857.58,Nakuru,Bank Teller
TXN10278,CUST5950,2023-12-30,Withdrawal,11173.01,32,SME,438372.21,Nairobi,Mobile Banking
TXN10279,CUST2603,2023-07-05,Deposit,65555.5,54,SME,472454.46,Eldoret,Online
TXN10280,CUST5688,2023-10-21,Bill Payment,72975.3,27,SME,71363.32,Mombasa,Online
TXN10281,CUST8996,2023-06-13,Loan Payment,24984.26,29,Retail,123208.6,Kisumu,ATM
TXN10282,CUST3434,2023-06-10,Loan Payment,64524.9,36,Retail,365262.58,Mombasa,ATM
TXN10283,CUST8699,2023-06-09,Fund Transfer,50915.62,43,SME,124638.05,Mombasa,Online
TXN10284,CUST9755,2023-04-27,Bill Payment,78343.14,34,SME,285976.64,Nairobi,Online
TXN10285,CUST6224,2023-11-12,Bill Payment,44394.1,62,SME,293268.42,Nakuru,Online
TXN10286,CUST1808,2023-11-16,Fund Transfer,79032.24,19,Corporate,175992.51,Mombasa,Bank Teller
TXN10287,CUST7768,2023-09-03,Deposit,67899.82,62,SME,458796.64,Kisumu,Online
TXN10288,CUST1054,2023-01-23,Loan Payment,94370.89,37,SME,263773.39,Eldoret,Online
TXN10289,CUST9711,2023-05-29,Fund Transfer,12039.82,47,Corporate,65976.22,Nakuru,ATM
TXN10290,CUST7941,2023-10-02,Bill Payment,98385.76,50,SME,157205.63,Nairobi,ATM
TXN10291,CUST5094,2023-05-16,Bill Payment,36529.89,47,Corporate,440723.8,Nakuru,ATM
TXN10292,CUST3778,2023-01-02,Deposit,20611.78,30,Retail,243551.82,Mombasa,Online
TXN10293,CUST9444,2023-01-22,Deposit,68809.75,63,Retail,478154.14,Nakuru,ATM
TXN10294,CUST2598,2023-08-18,Deposit,64677.99,25,Corporate,202381.05,Nairobi,Bank Teller
TXN10295,CUST7670,2023-12-28,Fund Transfer,53431.98,52,Corporate,142090.0,Nakuru,Bank Teller
TXN10296,CUST3791,2023-01-20,Loan Payment,88446.18,30,SME,137484.95,Nairobi,Mobile Banking
TXN10297,CUST3168,2023-12-31,Fund Transfer,85887.95,54,SME,423546.03,Eldoret,Online
TXN10298,CUST3584,2023-02-18,Deposit,16615.27,41,Corporate,84509.44,Mombasa,Bank Teller
TXN10299,CUST2333,2023-12-28,Loan Payment,9241.14,26,Corporate,161343.26,Nakuru,Online
TXN10300,CUST2084,2023-11-19,Deposit,8850.65,43,SME,206847.77,Eldoret,Bank Teller
TXN10301,CUST6906,2023-09-03,Loan Payment,17528.97,22,Corporate,419593.73,Mombasa,Bank Teller
TXN10302,CUST9009,2023-03-29,Loan Payment,61379.07,22,SME,67410.73,Nairobi,ATM
TXN10303,CUST3634,2023-06-10,Loan Payment,10085.91,47,Retail,304087.36,Eldoret,ATM
TXN10304,CUST3878,2023-10-17,Fund Transfer,15407.54,24,SME,425864.69,Kisumu,Bank Teller
TXN10305,CUST2981,2023-12-23,Fund Transfer,99533.04,37,Corporate,414381.3,Nairobi,Online
TXN10306,CUST2202,2023-11-02,Withdrawal,57133.93,55,Corporate,427744.57,Mombasa,Online
TXN10307,CUST3732,2023-03-15,Loan Payment,13256.55,34,Retail,399244.97,Nakuru,Online
TXN10308,CUST8181,2023-10-31,Fund Transfer,17504.01,66,Corporate,103571.22,Nakuru,ATM
TXN10309,CUST3892,2023-10-02,Bill Payment,9474.67,26,SME,106272.79,Kisumu,Bank Teller
TXN10310,CUST9720,2023-09-03,Fund Transfer,86728.04,36,Retail,387365.5,Mombasa,Online
TXN10311,CUST5533,2023-11-27,Withdrawal,32111.89,38,Corporate,488347.28,Nakuru,Mobile Banking
TXN10312,CUST7039,2023-03-06,Withdrawal,1157.07,50,Retail,456051.28,Kisumu,Bank Teller
TXN10313,CUST5198,2023-07-22,Deposit,12588.55,52,Corporate,259186.59,Kisumu,Bank Teller
TXN10314,CUST2715,2023-09-14,Withdrawal,40385.19,51,Retail,256189.43,Eldoret,ATM
TXN10315,CUST5007,2023-11-26,Deposit,95447.45,35,Corporate,415718.5,Eldoret,Online
TXN10316,CUST2320,2023-10-05,Deposit,12542.25,46,Corporate,383476.8,Eldoret,Online
TXN10317,CUST3467,2023-03-09,Bill Payment,8972.52,59,SME,157111.56,Kisumu,Online
TXN10318,CUST2901,2023-06-26,Fund Transfer,47261.14,24,Corporate,264988.0,Eldoret,ATM
TXN10319,CUST8450,2023-01-27,Loan Payment,41268.54,47,Corporate,336578.93,Mombasa,Mobile Banking
TXN10320,CUST6308,2023-09-08,Loan Payment,79797.95,70,SME,120276.1,Eldoret,Online
TXN10321,CUST4268,2023-07-23,Loan Payment,79411.58,39,Retail,489286.16,Nakuru,ATM
TXN10322,CUST1113,2023-03-04,Bill Payment,30980.03,57,Retail,207364.65,Nairobi,ATM
TXN10323,CUST1573,2023-06-17,Withdrawal,98163.96,55,SME,258561.45,Kisumu,Online
TXN10324,CUST5135,2023-06-26,Deposit,48926.99,51,SME,358001.49,Kisumu,Bank Teller
TXN10325,CUST8532,2023-02-09,Withdrawal,86389.56,25,Retail,378830.82,Nairobi,Mobile Banking
TXN10326,CUST3990,2023-01-24,Loan Payment,59364.31,33,SME,95258.05,Nakuru,Mobile Banking
TXN10327,CUST4343,2023-12-25,Loan Payment,40681.71,58,Corporate,450324.88,Kisumu,ATM
TXN10328,CUST4951,2023-04-25,Fund Transfer,18972.73,51,SME,292835.09,Nakuru,Online
TXN10329,CUST9165,2023-02-11,Fund Transfer,56974.89,21,Retail,173318.8,Eldoret,Bank Teller
TXN10330,CUST7996,2023-04-11,Loan Payment,54037.19,35,SME,51881.41,Nakuru,Mobile Banking
TXN10331,CUST5947,2023-03-29,Deposit,70832.23,69,SME,13030.34,Eldoret,Online
TXN10332,CUST7385,2023-03-19,Deposit,31211.09,58,Corporate,318927.55,Nairobi,ATM
TXN10333,CUST5636,2023-09-04,Fund Transfer,32675.9,70,SME,209561.46,Nairobi,ATM
TXN10334,CUST7674,2023-10-31,Withdrawal,22492.88,36,SME,303224.38,Eldoret,ATM
TXN10335,CUST6564,2023-03-10,Bill Payment,18225.97,25,Retail,212904.11,Nakuru,Online
TXN10336,CUST5392,2023-06-06,Withdrawal,67769.37,32,Corporate,188312.22,Nakuru,ATM
TXN10337,CUST7602,2023-05-16,Loan Payment,43040.95,42,SME,430397.42,Kisumu,ATM
TXN10338,CUST4430,2023-12-28,Bill Payment,34817.85,34,Retail,92011.93,Eldoret,Bank Teller
TXN10339,CUST1126,2023-07-27,Bill Payment,49426.97,53,SME,258952.8,Nakuru,Online
TXN10340,CUST7916,2023-10-24,Withdrawal,15453.12,20,Corporate,153187.75,Kisumu,Online
TXN10341,CUST7616,2023-12-03,Fund Transfer,78818.3,39,Corporate,262535.71,Kisumu,Online
TXN10342,CUST6413,2023-04-24,Fund Transfer,11499.26,43,SME,30525.06,Nairobi,Online
TXN10343,CUST6843,2023-03-25,Fund Transfer,58468.58,27,Retail,171305.2,Eldoret,Bank Teller
TXN10344,CUST5204,2023-02-28,Withdrawal,76409.7,70,Corporate,75531.38,Mombasa,Online
TXN10345,CUST8569,2023-03-12,Withdrawal,89154.31,43,SME,388678.87,Nairobi,ATM
TXN10346,CUST2083,2023-09-19,Fund Transfer,3679.51,63,Retail,306295.72,Nakuru,ATM
TXN10347,CUST3767,2023-09-12,Bill Payment,80667.94,26,Corporate,468289.58,Mombasa,Mobile Banking
TXN10348,CUST5986,2023-09-12,Bill Payment,78494.38,26,Retail,329352.78,Kisumu,Online
TXN10349,CUST1555,2023-07-11,Withdrawal,95443.76,43,Corporate,379214.42,Mombasa,Online
TXN10350,CUST8348,2023-07-16,Withdrawal,18265.68,43,Corporate,216224.54,Nakuru,Mobile Banking
TXN10351,CUST1813,2023-08-31,Withdrawal,75793.13,52,Retail,493841.95,Nakuru,Bank Teller
TXN10352,CUST7492,2023-04-26,Loan Payment,48043.74,35,SME,398048.67,Eldoret,Mobile Banking
TXN10353,CUST3842,2023-05-16,Loan Payment,826.41,62,Corporate,203206.18,Mombasa,ATM
TXN10354,CUST2988,2023-01-01,Loan Payment,15843.21,50,Retail,204333.95,Nairobi,ATM
TXN10355,CUST4324,2023-05-08,Deposit,19284.3,65,Corporate,299477.49,Nairobi,ATM
TXN10356,CUST7276,2023-11-16,Loan Payment,68841.44,47,SME,418654.28,Nakuru,Online
TXN10357,CUST1975,2023-06-10,Bill Payment,3713.5,21,SME,306573.83,Mombasa,Online
TXN10358,CUST8284,2023-06-13,Fund Transfer,59636.46,37,SME,129712.65,Nakuru,Online
TXN10359,CUST6147,2023-02-06,Fund Transfer,15691.83,23,SME,206425.57,Mombasa,Mobile Banking
TXN10360,CUST6080,2023-10-14,Loan Payment,93937.94,65,SME,191257.23,Nairobi,Online
TXN10361,CUST4224,2023-04-11,Loan Payment,80032.12,66,Corporate,96892.78,Mombasa,Online
TXN10362,CUST4088,2023-11-06,Bill Payment,83019.06,38,SME,467814.53,Eldoret,Mobile Banking
TXN10363,CUST2425,2023-07-30,Loan Payment,81847.17,67,Corporate,117347.16,Kisumu,Mobile Banking
TXN10364,CUST8338,2023-10-30,Loan Payment,36788.8,24,SME,297089.21,Mombasa,ATM
TXN10365,CUST3468,2023-03-16,Withdrawal,61927.26,18,SME,175925.89,Kisumu,Online
TXN10366,CUST2624,2023-08-11,Withdrawal,78540.08,34,Corporate,155517.36,Nairobi,Online
TXN10367,CUST8228,2023-05-07,Withdrawal,44052.67,18,Retail,214260.52,Nairobi,ATM
TXN10368,CUST3418,2023-08-04,Withdrawal,30562.04,19,SME,340388.7,Kisumu,Mobile Banking
TXN10369,CUST3596,2023-01-05,Withdrawal,53340.45,55,Corporate,490022.81,Eldoret,ATM
TXN10370,CUST7050,2023-08-01,Bill Payment,2714.27,25,SME,89490.47,Kisumu,ATM
TXN10371,CUST5976,2023-03-20,Deposit,8596.28,27,Retail,150438.53,Nakuru,ATM
TXN10372,CUST6270,2023-08-13,Bill Payment,49773.2,53,SME,136661.07,Kisumu,Mobile Banking
TXN10373,CUST4936,2023-06-16,Loan Payment,88888.15,29,Retail,352646.85,Nakuru,ATM
TXN10374,CUST3439,2023-09-09,Loan Payment,67659.6,42,Retail,479753.09,Kisumu,Bank Teller
TXN10375,CUST9447,2023-10-19,Loan Payment,48771.3,56,SME,489930.29,Mombasa,Bank Teller
TXN10376,CUST9496,2023-09-15,Fund Transfer,83656.69,19,Retail,364473.97,Eldoret,ATM
TXN10377,CUST7399,2023-01-04,Fund Transfer,1235.95,46,SME,404910.66,Eldoret,Bank Teller
TXN10378,CUST8634,2023-08-28,Loan Payment,37723.64,20,Corporate,459130.75,Kisumu,Online
TXN10379,CUST4404,2023-02-22,Loan Payment,85546.08,46,Retail,212385.65,Eldoret,Online
TXN10380,CUST6102,2023-01-13,Deposit,73964.69,57,SME,281394.19,Mombasa,Mobile Banking
TXN10381,CUST2892,2023-03-07,Bill Payment,53633.29,48,Retail,415696.8,Nakuru,Mobile Banking
TXN10382,CUST7110,2023-02-22,Bill Payment,30189.22,44,Corporate,213962.14,Mombasa,Mobile Banking
TXN10383,CUST5338,2023-11-23,Fund Transfer,56931.12,67,SME,428518.47,Eldoret,ATM
TXN10384,CUST4343,2023-09-26,Bill Payment,66968.28,64,SME,315862.98,Eldoret,Online
TXN10385,CUST7763,2023-11-02,Bill Payment,28681.19,39,Corporate,104935.4,Nakuru,Online
TXN10386,CUST4771,2023-07-12,Bill Payment,30411.23,43,Corporate,259373.73,Kisumu,Online
TXN10387,CUST7036,2023-05-19,Bill Payment,11321.47,24,Retail,480796.38,Kisumu,Online
TXN10388,CUST6306,2023-09-22,Deposit,79310.94,22,SME,191163.84,Kisumu,Bank Teller
TXN10389,CUST6971,2023-11-26,Fund Transfer,92944.93,24,Corporate,6941.96,Nairobi,Online
TXN10390,CUST1076,2023-07-30,Loan Payment,71174.05,39,Corporate,177729.41,Kisumu,Mobile Banking
TXN10391,CUST1905,2023-10-20,Withdrawal,23250.06,23,SME,453229.55,Mombasa,Bank Teller
TXN10392,CUST9160,2023-01-17,Fund Transfer,2082.99,60,Corporate,51399.27,Mombasa,Bank Teller
TXN10393,CUST5410,2024-01-01,Withdrawal,48821.92,21,Retail,421752.09,Eldoret,Mobile Banking
TXN10394,CUST4481,2023-02-25,Fund Transfer,74692.08,38,SME,473485.21,Kisumu,Online
TXN10395,CUST7656,2023-05-22,Deposit,11287.31,47,SME,118236.58,Mombasa,ATM
TXN10396,CUST1712,2023-05-18,Withdrawal,99952.47,69,SME,37227.72,Nakuru,Bank Teller
TXN10397,CUST8911,2023-09-23,Fund Transfer,1690.82,23,Corporate,299023.98,Kisumu,ATM
TXN10398,CUST2583,2023-01-04,Bill Payment,33437.74,27,Retail,211821.74,Mombasa,Online
TXN10399,CUST4473,2023-05-16,Withdrawal,1319.42,36,Corporate,28533.21,Mombasa,ATM
TXN10400,CUST6953,2023-11-06,Withdrawal,27316.74,43,Retail,85342.82,Kisumu,Online
TXN10401,CUST5608,2023-09-03,Withdrawal,94328.08,28,Retail,59752.18,Eldoret,ATM
TXN10402,CUST4875,2023-08-29,Bill Payment,17166.79,47,SME,10162.24,Nairobi,Mobile Banking
TXN10403,CUST5563,2023-08-11,Bill Payment,97481.82,42,Corporate,273478.02,Eldoret,Online
TXN10404,CUST2662,2023-10-21,Loan Payment,95293.78,53,SME,323157.36,Mombasa,Bank Teller
TXN10405,CUST4042,2023-03-18,Bill Payment,49549.56,34,Retail,452038.1,Eldoret,Bank Teller
TXN10406,CUST8074,2023-06-15,Deposit,60297.29,46,Retail,262680.45,Nairobi,Mobile Banking
TXN10407,CUST2128,2023-10-07,Loan Payment,73727.95,32,Corporate,325355.93,Nakuru,Mobile Banking
TXN10408,CUST4729,2023-10-16,Deposit,26042.81,60,SME,50658.69,Eldoret,Bank Teller
TXN10409,CUST3091,2023-06-02,Fund Transfer,8844.84,66,Corporate,17938.23,Nakuru,Mobile Banking
TXN10410,CUST4369,2023-03-24,Bill Payment,29406.35,41,Corporate,61397.66,Nairobi,Bank Teller
TXN10411,CUST7177,2023-10-12,Deposit,39171.65,43,SME,99975.82,Nakuru,Online
TXN10412,CUST8204,2023-12-30,Withdrawal,30047.82,48,Corporate,14574.09,Nairobi,Mobile Banking
TXN10413,CUST3941,2023-08-25,Deposit,94871.45,68,Corporate,285715.02,Kisumu,Online
TXN10414,CUST8318,2023-04-16,Fund Transfer,15037.86,39,Corporate,277717.14,Nairobi,Online
TXN10415,CUST5433,2023-10-31,Withdrawal,95087.18,62,Retail,233269.31,Kisumu,Online
TXN10416,CUST1581,2023-12-25,Fund Transfer,10950.83,66,Corporate,450641.51,Kisumu,ATM
TXN10417,CUST1763,2023-03-10,Withdrawal,59842.74,41,Retail,2938.19,Nakuru,ATM
TXN10418,CUST6861,2023-11-25,Deposit,38460.98,63,Corporate,85287.59,Kisumu,ATM
TXN10419,CUST2279,2023-02-12,Withdrawal,17022.94,31,SME,148279.22,Kisumu,Bank Teller
TXN10420,CUST6790,2023-07-01,Fund Transfer,635.68,32,Retail,458795.32,Eldoret,Online
TXN10421,CUST5826,2023-12-23,Fund Transfer,58827.52,29,Retail,27948.14,Nairobi,Bank Teller
TXN10422,CUST3864,2023-05-09,Deposit,41894.3,57,Retail,430631.83,Nakuru,Mobile Banking
TXN10423,CUST2952,2023-05-23,Fund Transfer,99104.72,52,SME,307786.12,Kisumu,ATM
TXN10424,CUST8159,2023-02-08,Fund Transfer,37345.57,43,SME,373492.93,Nakuru,Mobile Banking
TXN10425,CUST7852,2023-03-23,Loan Payment,55038.76,47,Retail,306408.54,Nakuru,ATM
TXN10426,CUST3298,2023-10-08,Deposit,42251.72,68,SME,80411.7,Mombasa,Bank Teller
TXN10427,CUST8044,2023-09-17,Deposit,14105.54,41,SME,95378.34,Kisumu,Online
TXN10428,CUST8636,2023-10-23,Loan Payment,21548.8,69,Corporate,129500.93,Nairobi,Mobile Banking
TXN10429,CUST7882,2023-03-31,Withdrawal,47440.44,64,Retail,304730.91,Kisumu,Online
TXN10430,CUST8624,2023-04-14,Fund Transfer,23418.64,36,SME,350452.19,Nairobi,Bank Teller
TXN10431,CUST1291,2023-06-19,Fund Transfer,74559.61,40,Corporate,302847.93,Nairobi,ATM
TXN10432,CUST7261,2023-09-21,Fund Transfer,36874.68,66,Retail,369491.28,Nakuru,Mobile Banking
TXN10433,CUST4010,2023-12-17,Withdrawal,30643.43,23,Corporate,34112.06,Nakuru,ATM
TXN10434,CUST7032,2023-05-30,Withdrawal,35397.97,38,SME,339633.02,Kisumu,ATM
TXN10435,CUST9815,2023-08-20,Bill Payment,18018.33,53,Retail,227126.39,Nairobi,Mobile Banking
TXN10436,CUST2026,2023-08-18,Bill Payment,25260.75,30,SME,457564.68,Mombasa,ATM
TXN10437,CUST7728,2023-09-16,Deposit,88033.67,35,Corporate,351599.58,Nakuru,Mobile Banking
TXN10438,CUST3846,2023-04-24,Deposit,61846.26,60,Retail,444582.38,Eldoret,Mobile Banking
TXN10439,CUST9479,2023-12-09,Deposit,90672.12,29,SME,26480.26,Eldoret,ATM
TXN10440,CUST9501,2023-02-06,Bill Payment,88629.45,68,Corporate,486944.16,Mombasa,ATM
TXN10441,CUST9310,2023-11-12,Fund Transfer,23184.52,69,SME,424288.81,Nairobi,ATM
TXN10442,CUST2564,2023-10-31,Bill Payment,53992.89,46,Retail,446872.4,Mombasa,ATM
TXN10443,CUST1050,2023-02-09,Deposit,64105.26,59,SME,417951.55,Kisumu,Mobile Banking
TXN10444,CUST9212,2023-06-30,Bill Payment,84910.0,51,SME,58984.29,Mombasa,Mobile Banking
TXN10445,CUST3196,2023-12-10,Bill Payment,28319.98,62,SME,268130.36,Nakuru,Online
TXN10446,CUST1353,2023-12-16,Fund Transfer,70674.07,39,Corporate,415092.61,Nakuru,Bank Teller
TXN10447,CUST7358,2023-10-18,Bill Payment,66566.38,41,Retail,55181.76,Nairobi,Bank Teller
TXN10448,CUST2442,2023-02-24,Fund Transfer,16107.82,37,Retail,266376.01,Mombasa,ATM
TXN10449,CUST6335,2023-11-02,Fund Transfer,96277.19,58,Corporate,264851.36,Nairobi,Online
TXN10450,CUST5106,2023-09-22,Loan Payment,80977.29,26,Retail,49819.05,Kisumu,Bank Teller
TXN10451,CUST8286,2023-05-23,Withdrawal,28834.07,37,SME,224599.53,Kisumu,ATM
TXN10452,CUST7290,2023-02-24,Withdrawal,11191.06,37,SME,363488.81,Nairobi,Bank Teller
TXN10453,CUST4231,2023-04-05,Bill Payment,47070.29,25,Retail,208192.5,Nakuru,Mobile Banking
TXN10454,CUST6222,2023-12-25,Fund Transfer,52518.2,37,Retail,122866.14,Kisumu,ATM
TXN10455,CUST2160,2023-10-01,Deposit,67630.98,38,Corporate,435884.58,Nakuru,Mobile Banking
TXN10456,CUST2974,2023-04-23,Fund Transfer,4291.05,70,SME,134218.05,Mombasa,Bank Teller
TXN10457,CUST7829,2024-01-01,Loan Payment,1417.13,39,Corporate,279200.39,Nakuru,Bank Teller
TXN10458,CUST2033,2023-06-24,Loan Payment,80311.62,30,Corporate,133864.91,Kisumu,Online
TXN10459,CUST6320,2023-04-28,Deposit,17284.45,59,Corporate,387242.58,Eldoret,ATM
TXN10460,CUST5011,2023-10-20,Deposit,25358.68,59,Corporate,238918.98,Mombasa,Online
TXN10461,CUST8784,2023-04-23,Bill Payment,93719.22,62,SME,480852.83,Mombasa,Bank Teller
TXN10462,CUST1402,2023-01-31,Bill Payment,68862.85,30,SME,24401.22,Nakuru,Bank Teller
TXN10463,CUST8492,2023-09-14,Bill Payment,527.0,55,Retail,322264.98,Eldoret,Mobile Banking
TXN10464,CUST9426,2023-08-10,Bill Payment,99874.05,21,SME,278016.3,Eldoret,ATM
TXN10465,CUST8958,2023-08-22,Loan Payment,83749.91,36,Retail,218327.84,Nakuru,Bank Teller
TXN10466,CUST5555,2023-04-12,Bill Payment,83042.62,35,Retail,4517.85,Nairobi,Online
TXN10467,CUST4463,2023-01-07,Fund Transfer,7501.94,23,Retail,60980.85,Nairobi,ATM
TXN10468,CUST5317,2023-03-28,Loan Payment,24627.35,68,Corporate,247155.88,Mombasa,ATM
TXN10469,CUST6344,2023-05-15,Bill Payment,37919.3,62,SME,463541.2,Mombasa,Mobile Banking
TXN10470,CUST2521,2023-01-12,Bill Payment,45804.16,63,Retail,173639.85,Kisumu,Online
TXN10471,CUST4000,2023-02-05,Fund Transfer,64846.71,50,SME,350203.0,Eldoret,Online
TXN10472,CUST2114,2023-08-27,Bill Payment,76263.64,51,SME,150182.81,Kisumu,Bank Teller
TXN10473,CUST2814,2023-12-01,Fund Transfer,67129.24,38,Retail,79519.88,Nairobi,ATM
TXN10474,CUST7923,2023-04-24,Loan Payment,13155.62,50,Retail,178496.38,Mombasa,Online
TXN10475,CUST1399,2023-08-20,Bill Payment,15281.49,33,SME,458140.91,Eldoret,ATM
TXN10476,CUST8756,2023-01-04,Bill Payment,40337.91,68,SME,498943.55,Mombasa,ATM
TXN10477,CUST6356,2023-01-20,Deposit,41716.23,38,SME,56372.33,Eldoret,Bank Teller
TXN10478,CUST9824,2023-12-15,Fund Transfer,82828.22,68,SME,1918.07,Eldoret,Mobile Banking
TXN10479,CUST4143,2023-10-24,Withdrawal,40841.09,31,SME,35958.23,Kisumu,Online
TXN10480,CUST6809,2023-02-23,Bill Payment,59617.31,56,Retail,205493.99,Mombasa,Bank Teller
TXN10481,CUST8792,2023-01-08,Fund Transfer,60968.09,27,Corporate,61025.61,Mombasa,ATM
TXN10482,CUST6852,2023-11-19,Bill Payment,22028.61,41,Retail,70629.29,Nakuru,ATM
TXN10483,CUST5350,2023-12-08,Bill Payment,61174.63,22,Retail,329666.35,Eldoret,ATM
TXN10484,CUST6425,2023-03-01,Withdrawal,22952.53,40,Corporate,411133.5,Kisumu,Bank Teller
TXN10485,CUST4501,2023-02-19,Fund Transfer,57910.64,27,Retail,143365.9,Nairobi,ATM
TXN10486,CUST8913,2023-09-21,Withdrawal,96033.49,18,Corporate,346751.64,Nairobi,Bank Teller
TXN10487,CUST1211,2023-10-22,Deposit,86409.13,38,Corporate,89305.73,Kisumu,Bank Teller
TXN10488,CUST1850,2023-06-27,Deposit,66561.14,66,Corporate,393104.39,Nairobi,Online
TXN10489,CUST8065,2023-06-15,Deposit,18073.26,59,SME,303519.81,Eldoret,Mobile Banking
TXN10490,CUST6094,2023-08-05,Bill Payment,75246.81,21,Corporate,404147.98,Eldoret,Online
TXN10491,CUST6322,2023-01-17,Withdrawal,74515.6,37,Retail,141993.3,Nakuru,ATM
TXN10492,CUST8900,2023-02-09,Fund Transfer,11886.47,53,Corporate,8054.85,Nairobi,Mobile Banking
TXN10493,CUST5068,2023-08-19,Deposit,72055.13,43,Corporate,390390.01,Eldoret,Online
TXN10494,CUST7537,2023-11-27,Loan Payment,26216.66,64,Corporate,29748.38,Mombasa,Mobile Banking
TXN10495,CUST3292,2023-04-07,Withdrawal,41579.62,31,SME,31048.96,Eldoret,Bank Teller
TXN10496,CUST5287,2023-02-07,Loan Payment,6032.9,46,Retail,489350.07,Kisumu,ATM
TXN10497,CUST1723,2023-05-26,Fund Transfer,74537.78,48,Corporate,128889.38,Eldoret,Mobile Banking
TXN10498,CUST1902,2023-05-26,Withdrawal,33673.41,32,Retail,245700.81,Mombasa,ATM
TXN10499,CUST6172,2023-11-02,Loan Payment,32380.35,36,Retail,149223.25,Eldoret,Online
